{"cameraMode":{"drawMode":0,"name":"Shaded","section":"Shading Mode"},"sceneLighting":true,"audioPlay":false,"sceneViewState":{"showFog":true,"showMaterialUpdate":false,"showSkybox":true,"showFlares":true,"showImageEffects":true,"showParticleSystems":true},"in2DMode":false,"pivot":{"x":-75.03040313720703,"y":-431.0444641113281,"z":-678.5751342773438},"rotation":{"x":-0.018778478726744653,"y":0.9568778276443481,"z":-0.2828359007835388,"w":-0.06353045254945755},"size":837.4968872070313,"orthographic":false}