{"cameraMode":{"drawMode":0,"name":"Shaded","section":"Shading Mode"},"sceneLighting":false,"audioPlay":false,"sceneViewState":{"showFog":true,"showMaterialUpdate":false,"showSkybox":false,"showFlares":true,"showImageEffects":true,"showParticleSystems":true},"in2DMode":false,"pivot":{"x":-41.99746322631836,"y":-311.7352294921875,"z":-753.3598022460938},"rotation":{"x":-0.006635324563831091,"y":0.980074405670166,"z":-0.19571948051452638,"w":-0.03322772681713104},"size":858.6267700195313,"orthographic":false}