{"cameraMode":{"drawMode":0,"name":"Shaded","section":"Shading Mode"},"sceneLighting":true,"audioPlay":false,"sceneViewState":{"showFog":true,"showMaterialUpdate":false,"showSkybox":true,"showFlares":true,"showImageEffects":true,"showParticleSystems":true},"in2DMode":false,"pivot":{"x":640.3529052734375,"y":317.8045654296875,"z":-849.2761840820313},"rotation":{"x":-0.027306048199534417,"y":-0.0009028665372170508,"z":0.00002484135256963782,"w":-0.9996267557144165},"size":21.133766174316408,"orthographic":false}