{"cameraMode":{"drawMode":2,"name":"Shaded Wireframe","section":"Shading Mode"},"sceneLighting":true,"audioPlay":false,"sceneViewState":{"showFog":true,"showMaterialUpdate":false,"showSkybox":true,"showFlares":true,"showImageEffects":true,"showParticleSystems":true},"in2DMode":false,"pivot":{"x":-8.478408813476563,"y":89.78326416015625,"z":20.57212257385254},"rotation":{"x":-0.014387641102075577,"y":0.8743966817855835,"z":-0.4843023121356964,"w":-0.025975866243243219},"size":19.27452278137207,"orthographic":false}