{"cameraMode":{"drawMode":2,"name":"Shaded Wireframe","section":"Shading Mode"},"sceneLighting":true,"audioPlay":false,"sceneViewState":{"showFog":true,"showMaterialUpdate":false,"showSkybox":true,"showFlares":true,"showImageEffects":true,"showParticleSystems":true},"in2DMode":false,"pivot":{"x":3.872370719909668,"y":-0.6324236989021301,"z":15.509947776794434},"rotation":{"x":0.016071483492851259,"y":-0.9780426025390625,"z":0.1907469481229782,"w":0.0824018195271492},"size":20.402339935302736,"orthographic":false}