{"cameraMode":{"drawMode":0,"name":"Shaded","section":"Shading Mode"},"sceneLighting":true,"audioPlay":false,"sceneViewState":{"showFog":true,"showMaterialUpdate":false,"showSkybox":true,"showFlares":true,"showImageEffects":true,"showParticleSystems":true},"in2DMode":false,"pivot":{"x":-9.969226837158204,"y":-253.1490936279297,"z":60.21512222290039},"rotation":{"x":-0.6156497597694397,"y":-0.03306938707828522,"z":0.025872452184557916,"w":-0.786900520324707},"size":441.2401428222656,"orthographic":false}