{"cameraMode":{"drawMode":0,"name":"Shaded","section":"Shading Mode"},"sceneLighting":true,"audioPlay":false,"sceneViewState":{"showFog":true,"showMaterialUpdate":false,"showSkybox":true,"showFlares":true,"showImageEffects":true,"showParticleSystems":true},"in2DMode":false,"pivot":{"x":542.6946411132813,"y":-1119.9483642578125,"z":739.2058715820313},"rotation":{"x":0.3856067657470703,"y":0.31725335121154787,"z":-0.14316517114639283,"w":0.8544948101043701},"size":1595.382568359375,"orthographic":false}