{"cameraMode":{"drawMode":0,"name":"Shaded","section":"Shading Mode"},"sceneLighting":false,"audioPlay":false,"sceneViewState":{"showFog":true,"showMaterialUpdate":false,"showSkybox":false,"showFlares":true,"showImageEffects":true,"showParticleSystems":true},"in2DMode":false,"pivot":{"x":-3.418931484222412,"y":6.189906120300293,"z":1.6095867156982422},"rotation":{"x":-0.11845861375331879,"y":0.1865047812461853,"z":-0.022659404203295709,"w":-0.9750232100486755},"size":22.0,"orthographic":false}